query,answer
Summarize the document,"I'm sorry, but you didn't provide any document or details for me to summarize."
Can you tell me what the document is talking about?,I don't have any idea.
"شخص صدمني من الخلف , من الغلط عليه ؟",في الغالب، الشخص الذي يصدم سيارة أخرى من الخلف هو الذي يتحمل اللوم في حادث السير، حسب قوانين المرور. هذا لأنه يتوقع من السائقين أن يحافظوا على مسافة آمنة بينهم وبين السيارات التي أمامهم.
دخلت التقاطع وجاء شخص صدمني الخطأ على من ؟,للإجابة على هذا السؤال، أحتاج إلى مزيد من المعلومات حول ظروف الحادث. هل كانت الإشارات الضوئية تعمل؟ كنت أنت على الضوء الأخضر أم الأحمر؟ كان الشخص الآخر يقود بسرعة زائدة أم لا؟ تحتاج هذه التفاصيل لتحديد من هو الطرف المذنب في الحادث.
شخص في دوار واتى شخص من خارج الدوار وحصل حادث من الطرف المتسبب في ذلك؟,في الغالب، الشخص القادم من خارج الدوار هو المتسبب في الحادث وفقًا لقواعد السير، حيث يمتلك الشخص الذي بالفعل في الدوار حق الأولوية. ولكن القرار النهائي يعتمد على تقييم الظروف المحيطة بالحادث من قبل المحكمة المختصة.
ما هي عقوبات تجاوز السرعة في قوانين المرور؟,عذرًا، لا أملك تلك المعلومات. ولكن عادةً، تختلف عقوبات تجاوز السرعة بناءً على قوانين المرور المحلية والوطنية. وقد تتضمن الغرامات المالية، ونقاط العقوبة على رخصة القيادة، وفي بعض الحالات، قد تتضمن الحبس. يرجى الرجوع إلى القوانين المحلية لديك للحصول على معلومات أكثر دقة.
ما هي العواقب المترتبة على تجاوز الإشارة الحمراء؟,"أنا آسف, لكن النص المعطى يتحدث فقط عن الضوء البرتقالي وما يعنيه. لا يتضمن المعلومات حول العواقب المترتبة على تجاوز الإشارة الحمراء."
ما هي الغرامة على مخالفات الوقوف في مناطق غير مخصصة؟,آسف، لكن المعلومات المقدمة لا تتضمن تفاصيل حول الغرامات المرتبطة بمخالفات الوقوف في المناطق غير المخصصة.
ما هي العقوبات القانونية للقيادة بدون رخصة؟,أنا آسف، ولكن المعلومات المقدمة لا تتضمن تفاصيل حول العقوبات القانونية للقيادة بدون رخصة.
ما هو العقاب على القيادة تحت تأثير الكحول؟,آسف، لكن الوثيقة المقدمة ليست تتضمن أي معلومات حول العقاب على القيادة تحت تأثير الكحول.
ما هي اللوائح المتعلقة باستخدام حزام الأمان؟,يجب على جميع الركاب في السيارة استخدام حزام الأمان، سواء كانوا في المقاعد الأمامية أو الخلفية. يجب أن يكون الحزام مربوط بإحكام حول الجسم ولا ينبغي استخدامه بطريقة تسبب ضرراً أو إزعاجاً. في حالة وقوع حادث، يمكن أن يساهم استخدام حزام الأمان في تقليل الإصابات الجسدية. الأطفال الذين تقل أعمارهم عن 12 عامًا يجب أن يكونوا في مقعد الأطفال المعتمد. الركاب الذين لا يستخدمون حزام الأمان قد يكونون مسؤولين عن أي إصابات قد تحدث نتيجة لعدم استخدامه.
ما هي حدود السرعة في المناطق السكنية؟,آسف، لكن النص المقدم لا يحتوي على معلومات حول حدود السرعة في المناطق السكنية.
ما هي حدود السرعة على الطرق السريعة؟,المعلومات المقدمة لا تحتوي على تفاصيل حول حدود السرعة على الطرق السريعة. الرجاء تقديم المزيد من الإرشادات أو التوضيح.
ما هي الإجراءات القانونية للطعن في مخالفة مرورية؟,أنا آسف، ليس لدي معلومات حول الإجراءات القانونية للطعن في مخالفة مرورية.
ما هي العقوبات على القيادة المتهورة؟,أعتذر، لكنني معد لتقديم القرارات حول مسؤولية الحوادث بناءً على المعلومات المقدمة. لا يمكنني تقديم تفاصيل حول العقوبات للقيادة المتهورة.
ما هي اللوائح المتعلقة بخوذات الدراجات النارية؟,آسف، لكن المعلومات المقدمة غير كافية لتوفير إجابة محددة. القواعد واللوائح المتعلقة بخوذات الدراجات النارية قد تختلف بحسب البلد والولاية.
ما هي القواعد المتعلقة بعبور المشاة؟,النص المعطى لا يحتوي على معلومات محددة حول قواعد عبور المشاة. ومع ذلك، يشير النص إلى أن المشاة خلال مواسم الحج والعمرة يجب أن يتبعوا التعليمات المفروضة من الجهات المختصة.
ما هي العقوبات المتعلقة بحوادث الهروب بعد الحادث؟,العقوبات المرتبطة بالهروب من موقع الحادث تختلف من دولة لأخرى ولكنها عمومًا تشمل غرامات مالية، والسجن، وربما سحب الرخصة. الهروب من موقع الحادث هو جريمة جنائية في العديد من البلدان ويمكن أن يترتب عليها عقوبات قاسية. يُشدد كذلك على أن السائق يجب عليه تقديم المساعدة اللازمة وإبلاغ السلطات في حالة وقوع حادث. إذا لم يتم تلبية هذه الالتزامات، يمكن اعتبار ذلك كتجاوز جنائي.
ما الذي يحدث إذا تم القبض عليك تقود بدون تأمين؟,إذا تم القبض عليك وأنت تقود بدون تأمين، قد تواجه عقوبات قانونية. وفقاً للقواعد العامة، يتم الإفراج عن السائق فور تقديم كفالة غرامية أو حضورية أو وثيقة التأمين المطلوبة. ولكن في حالة قيادتك بدون تأمين، قد تتعذر عليك تقديم الوثيقة المطلوبة وبالتالي يمكن أن تواجه عواقب قانونية، بما في ذلك الغرامات والحبس والحظر من القيادة.
ما هي الغرامات المفروضة على انتهاء صلاحية تسجيل المركبة؟,آسف، لكن المعلومات المقدمة لا تتضمن تفاصيل حول الغرامات المفروضة على انتهاء صلاحية تسجيل المركبة. يرجى مراجعة القوانين واللوائح المحلية لديك.
ما هي القوانين المتعلقة بأولوية المرور عند التقاطعات؟,"القوانين المتعلقة بأولوية المرور عند التقاطعات تختلف بناءً على البلد والقوانين المحلية. ومع ذلك، هناك بعض القواعد العامة التي يمكن تطبيقها:

1. عند التقاطعات غير المنظمة، يجب على السائقين أن يعطوا الأولوية للسيارات التي تأتي من اليمين.

2. السائقون على الطرق الفرعية يجب عليهم السماح للسيارات على الطرق الرئيسية بالمرور أولاً.

3. السائقين الذين يدخلون دائرة المرور يجب عليهم أن يعطوا الأولوية للسيارات التي تمر بالدائرة.

4. السائقون الذين يرغبون في الدخول أو الخروج من موقف للسيارات، الأرصفة، أو العقارات الخاصة يجب عليهم إعطاء الأولوية للسيارات على الطرق العامة.

5. عند التقاطعات المشار إليها بإشارات المرور، يجب اتباع إشارات المرور.

يرجى الرجوع إلى القوانين المحلية للحصول على المعلومات الأكثر دقة."
ما هي القوانين المرورية المتعلقة بمناطق المدارس؟,عذرًا، لم يتم تقديم معلومات كافية حول القوانين المرورية المتعلقة بمناطق المدارس في النص المقدم.
ما هو العقاب على استخدام الهاتف المحمول أثناء القيادة؟,أعتذر، لكن النص المقدم لا يحتوي على معلومات حول العقاب لاستخدام الهاتف المحمول أثناء القيادة.
ما هي القواعد المتعلقة بتجاوز المركبات الأخرى؟,أعتذر، لكن النص الذي تم تقديمه لا يحتوي على أي معلومات حول القواعد المتعلقة بتجاوز المركبات الأخرى.
ما هي القوانين المتعلقة بتعديل السيارات؟,أنا آسف، لكن النص المقدم لا يحتوي على معلومات حول قوانين تعديل السيارات.
ما هي العقوبات لعدم إفساح الطريق لسيارات الطوارئ؟,آسف، ولكن النص الذي تم تقديمه لا يحتوي على معلومات حول العقوبات المترتبة على عدم إفساح الطريق لسيارات الطوارئ. يرجى الرجوع إلى القوانين المحلية أو الاتصال بالسلطات المعنية للحصول على تلك المعلومات.
إذا تم صدم شخص من الخلف في حركة المرور، من المخطئ؟,عادة، يكون السائق الذي صدم السيارة الأخرى من الخلف هو المسؤول عن الحادث. القاعدة العامة هي أنك يجب أن تكون قادراً على التوقف بأمان إذا كانت السيارة التي أمامك تتوقف فجأة. إذا لم تتمكن من القيام بذلك، فمن المحتمل أن تكون تقود بسرعة غير آمنة أو أنك لم تكن تحافظ على مسافة آمنة بينك وبين السيارة الأمامية.
ما هو تحديد الخطأ عند تغيير المسار دون إشارة وتسبب في حادث؟,إذا قام شخص بتغيير اتجاهه أو مساره دون إعطاء إشارة مسبقة للسائقين الآخرين وتسبب ذلك في حادث، فإنه يعتبر مذنبًا وفقًا لقواعد المرور. القانون يتطلب من السائقين إبلاغ الآخرين بنواياهم من خلال استخدام إشارات الانعطاف. تجنب استخدام هذه الإشارات أو استخدامها بطريقة خاطئة يمكن أن يؤدي إلى حوادث ويعتبر مخالفة للقانون.
من المسؤول إذا اصطدمت سيارتان عند تقاطع وكل طرف يدعي أن له أولوية المرور؟,في هذه الحالة، يعتمد تحديد المسؤولية على قوانين المرور المحلية والدليل المتاح. عادة، يمكن تحديد الطرف المسؤول بناءً على شهود العيان، تقارير الشرطة، وأي أدلة أخرى مثل تسجيلات كاميرات المراقبة. إذا كان كلا الطرفين يدعي أن لديه الأفضلية، فقد يكون الأمر صعبًا في تحديد الطرف الذي كان لديه الأفضلية الحقيقية دون هذه الأدلة. لذا، في مثل هذه الحالات، قد يتم تقاسم اللوم بين الطرفين بنسب معينة، وفقا للقواعد المحلية التي تنطبق على حوادث المرور.
من المخطئ في حادث اصطدام جانبي عند تقاطع غير مراقب؟,لتحديد الخطأ في حادث اصطدام جانبي في تقاطع غير مراقب، يجب النظر في قواعد الطريق المحلية ومعرفة من كان يجب أن يمر أولاً. بشكل عام، السائق الذي يقترب من التقاطع أولاً له الأولوية. إذا كان السائقين يقتربان في نفس الوقت، فعادة ما يكون السائق الذي يتوجه إلى اليمين له الأولوية. إذا لم يتم الالتزام بتلك القواعد، فقد يكون السائق المخالف هو المذنب.
إذا تم ضرب مشاة أثناء عبورهم في مكان غير مخصص، من المخطئ؟,عادة، يكون المشاة هو المخطئ إذا تم ضربه أثناء عبوره في مكان غير مخصص لعبور المشاة. القانون يتطلب من المشاة استخدام الممرات المخصصة لهم عند عبور الطريق.
ما هي الإرشادات القانونية لتحديد الخطأ في الحوادث التي تشمل عدة سيارات؟,"الإرشادات القانونية لتحديد الخطأ في الحوادث التي تشمل عدة سيارات يمكن أن تشمل ، ولكن ليست محصورة على:

1. قواعد الحق في الطريق: هذه القواعد تحدد من يحق له الأولوية عند القيادة في تقاطعات الطرق والمنعطفات والممرات الضيقة.

2. القواعد المتعلقة بالسرعة: إذا كان أحد السائقين يقود بسرعة تفوق الحد المسموح به، فقد يتم تحميله بالمسؤولية.

3. القواعد المتعلقة بالتباعد الآمن: يجب على السائقين الحفاظ على مسافة آمنة بينهم وبين السيارات الأخرى على الطريق.

4. القواعد المتعلقة بالتغيير الآمن للمسار أو الدوران: يجب على السائقين استخدام إشارات الدوران والتأكد من أنه من الآمن تغيير المسار أو الدوران قبل القيام بذلك.

5. القواعد المتعلقة بالقيادة تحت تأثير الكحول أو المخدرات: القيادة تحت تأثير هذه المواد غالبًا ما تعتبر مسؤولية ضمنيًا.

في حالة الحوادث المشتركة، قد يتم توزيع اللوم على العديد من الأطراف بناءً على تقييم للأدلة والظروف المحيطة بالحادث. القرار النهائي يترك للمحكمة المختصة وفقاً للقواعد والقوانين المحلية."
إذا صدمت سيارة أخرى أثناء الرجوع للخلف في موقف السيارات، من المخطئ؟,الشخص الذي كان يقود السيارة أثناء الرجوع للخلف في موقف السيارات هو المخطئ. وفقاً لقواعد السير والمرور، يجب على السائق أثناء الرجوع للخلف أن يكون حذراً ويتأكد من أن الطريق خالي قبل أن يبدأ في الرجوع.
من المسؤول عن الحادث الذي يحدث داخل دوار؟,المسؤولية في حالة الحوادث التي تحدث داخل الدوار تعتمد على الظروف المحيطة بالحادث. من القواعد العامة، يتعين على السائقين الدخول إلى الدوار بحذر وتقديم الأولوية للمركبات التي تتواجد بالفعل داخل الدوار. بالإضافة إلى ذلك، الإهمال، قلة الاحتراز، أو عدم مراعاة القوانين المرورية يمكن أن يكون عامل مساهم في تحديد المسؤولية عن الحادث.
ما هو الخطأ إذا فتح السائق بابه أمام حركة المرور مما تسبب في حادث؟,فتح السائق للباب أمام حركة المرور يمكن أن يعتبر خطأً أو إهمالًا لأنه قد يتسبب في الحوادث. القانون يتطلب من السائقين أن يتأكدوا من أنه من الآمن فتح أبواب السيارة قبل فعل ذلك. لذا، إذا تسبب فتح الباب في حادث، فقد يكون السائق مذنبًا.
ما هي العملية لتحديد الخطأ في حادث مع راكب دراجة؟,"تحديد الخطأ في حادث يشمل دراجة هو عملية تتطلب النظر في مجموعة من العوامل. هذه العوامل قد تشمل:

1. قوانين الطرق: يجب على جميع المشاركين في حادث المرور، سواء كانوا سائقين أو راكبي دراجات، الالتزام بقوانين الطرق المحلية. إذا كان أي من الأطراف قد خرق هذه القوانين، فقد يكون ذلك دليلاً على الخطأ.

2. الأدلة الفعلية: هذا يمكن أن يشمل الأضرار التي تعرضت لها السيارة والدراجة، الإصابات التي تعرض لها الأطراف المعنية، وأي أدلة أخرى مادية من موقع الحادث.

3. شهادات الشهود: الأشخاص الذين شاهدوا الحادث قد يكونون قادرين على تقديم معلومات مفيدة حول ما حدث.

4. تقارير الشرطة: في العديد من الحالات، ستقوم الشرطة بتحرير تقرير حول الحادث. هذا التقرير قد يحتوي على معلومات حول الخطأ المحتمل.

بعد النظر في كل هذه العوامل، ستقوم المحكمة المختصة بتحديد الخطأ في الحادث."
من المخطئ إذا حدث حادث بسبب ظروف الطرق الجليدية؟,إذا كان أحد السائقين لم يكن يقود بحذر مناسب لظروف الطرق الجليدية، فإنه قد يكون مسؤولاً عن الحادث. القيادة في ظروف الطقس السيئة تتطلب اتخاذ احتياطات خاصة، وعدم القيام بذلك قد يعتبر إهمالاً أو قلة احتراز.
إذا اصطدمت سيارة بأخرى أثناء الانعطاف إلى اليسار عند تقاطع، من المخطئ؟,في معظم القوانين المرورية، السيارة التي تقوم بالانعطاف إلى اليسار عادة ما تكون المسؤولة عن الحادث إذا حدثت صدمة مع سيارة أخرى. السائق الذي يقوم بالانعطاف يجب عليه التأكد من أن الطريق آمن قبل القيام بالانعطاف.
ماذا يحدث إذا وقع حادث عند إشارة توقف أربعية وكل السائقين يمرون في نفس الوقت؟,في حالة وقوع حادث عند إشارة توقف أربعية وكل السائقين يمرون في نفس الوقت، يمكن أن يكون تحديد اللوم صعباً. القانون يقضي بأن السائق الذي يقترب من التقاطع أولاً هو الذي يمر أولاً. إذا كان السائقين يقتربون في نفس الوقت، يجب على السائق الذي على اليمين المرور أولاً. إذا كانت هناك أي شكوك حول من يجب أن يمر أولاً، يجب على السائقين التواصل مع بعضهم البعض من خلال إشارات اليد أو الحركة بأمان عبر التقاطع. إذا لم يكن هذا ممكناً، يجب الاتصال بالشرطة لتقرير الحادث وتحديد اللوم.
من المسؤول إذا وقع حادث عند معبر للمشاة؟,المسؤولية في حادث المرور عند معبر للمشاة تعتمد على الظروف المحيطة بالحادث. إذا كان السائق يقود بإهمال أو عدم احتراز أو لم يكن يتبع القواعد والأنظمة المرورية، فقد يكون هو المسؤول عن الحادث. ولكن، إذا كان المشاة قد عبر الطريق بطريقة غير قانونية أو متهورة، فقد يكون هو المسؤول. وفي بعض الحالات، قد يتم تقاسم المسؤولية بين السائق والمشاة.
إذا حدث حادث بسبب تعطل الفرامل، من المخطئ؟,تحديد الذنب في حادث بسبب تعطل الفرامل يعتمد على عدة عوامل. على سبيل المثال، إذا كان السائق يعلم بتعطل الفرامل ولم يقم بإصلاحها، فقد يكون هو المسؤول. ومع ذلك، في بعض الحالات، قد يكون الخطأ على الشركة المصنعة إذا كان العيب يعود للتصميم أو الصناعة. يجب الاتصال بالشرطة والتحقيق في الحادث لتحديد الذنب بشكل دقيق.
ما هو الخطأ في حادث اصطدام بسيارة متوقفة؟,في حالة حادث اصطدام بسيارة متوقفة، الخطأ عادة ما يكون على السائق الذي اصطدم بالسيارة المتوقفة. يتم هذا بناءً على قاعدة أن السائقين يجب أن يكونوا قادرين على التحكم في مركباتهم في كل الأوقات وأن يتوقعوا الأوضاع المحتملة، بما في ذلك وجود سيارات متوقفة. إذا حدث ضرر للسيارة المتوقفة، يتم التنسيق مع الشرطة لتقييم السيناريو وتحديد الخطأ.
من المخطئ إذا اصطدمت سيارة بحيوان يعبر الطريق؟,عادة، يتم إلقاء اللوم على السائق في حالة اصطدام السيارة بحيوان يعبر الطريق. يتوقع من السائقين أن يكونوا على درجة عالية من اليقظة وأن يتمكنوا من التوقف أو الالتفاف بأمان لتجنب الحيوانات. ومع ذلك، قد تختلف القواعد بناءً على القوانين المحلية والظروف المحيطة.
إذا حاولت سيارتان الدمج في نفس المسار واصطدمتا، من المخطئ؟,في حالة حدوث حادث بين سيارتين تحاولان الدمج في نفس المسار، تحديد المسؤولية يعتمد على ظروف الحادث المحددة. في العديد من الحالات، يكون السائق الذي يدخل في المسار هو المسؤول عن تجنب الاصطدام. ولكن، إذا كان السائق الآخر قد تغير إلى المسار الذي يدخله السائق الأول بطريقة غير آمنة أو لم يعط الأفضلية، فقد يكون هو المسؤول. من الهام أن يتم التحقيق في الحادث بشكل مفصل لتحديد السيناريو الصحيح.
ما هي العواقب لترك مكان الحادث في حادث بسيط؟,التركيز على مكان الحادث بعد وقوع حادث سير بسيط (أو حادث مروري من أي نوع) يعتبر جزءًا مهمًا من مسؤولية السائق. الرحيل عن مكان الحادث قد يعرض السائق للمساءلة القانونية، بما في ذلك الغرامات، والسجن، وفقدان الرخصة. تعتمد العقوبات الدقيقة على قوانين المرور في البلد المعني.
من المخطئ إذا حدث حادث أثناء تغيير المسار على طريق سريع؟,الإجابة على هذا السؤال تعتمد على الظروف المحيطة بالحادث. ومع ذلك، بناءً على المعلومات المقدمة، يمكن القول بأن السائق الذي يقوم بتغيير المسار بشكل مفاجئ أو يبطئ سرعته بشكل مفاجئ بطريقة تسبب حادثًا قد يكون الشخص المسؤول. السائقون يتوقع منهم أن يتغيروا المسار بأمان وبطريقة لا تعرض الآخرين للخطر.
ما هي العوامل الرئيسية التي تسبب الحوادث المرورية؟,"العوامل الرئيسية التي تسبب الحوادث المرورية تشمل:

1. السرعة الزائدة: يعد القيادة بسرعة غير آمنة من أكثر الأسباب شيوعًا للحوادث المرورية.

2. القيادة تحت تأثير الكحول أو المخدرات: يمكن أن تتسبب هذه المواد في تقليل التركيز والقدرة على القيادة بشكل آمن.

3. التشتت الذهني: يمكن أن يؤدي استخدام الهاتف المحمول أو القيام بأنشطة أخرى أثناء القيادة إلى حوادث مرورية.

4. القيادة بتهور: يمكن أن تتسبب القيادة العدوانية أو القيادة بدون مراعاة القواعد المرورية في حوادث مرورية.

5. الظروف الجوية: يمكن أن تتسبب الأحوال الجوية السيئة مثل الأمطار الغزيرة أو الضباب في الحوادث المرورية.

6. التعب: يمكن أن يؤدي التعب أو النوم أثناء القيادة إلى حوادث مرورية.

7. القيادة في الليل: الرؤية المحدودة أثناء القيادة في الليل يمكن أن تزيد من خطر الحوادث المرورية."
ما هي القواعد الخاصة بمسارات السيارات المشتركة؟,عذرا، لكن النص المقدم لا يتضمن معلومات حول القواعد الخاصة بمسارات السيارات المشتركة.
ما هي العواقب المترتبة على القيادة في الاتجاه المعاكس في طريق باتجاه واحد؟,القيادة في الاتجاه المعاكس في طريق باتجاه واحد تعتبر مخالفة لقواعد المرور. العواقب قد تشمل الغرامات المالية، نقاط العقوبة على رخصة القيادة، وفي بعض الحالات الحادة قد يكون هناك عقوبات أكثر صرامة مثل السجن. بالإضافة إلى ذلك، إذا تسببت في حادث أثناء القيادة في الاتجاه المعاكس، فقد تكون مسؤولاً عن الأضرار التي تم تسبيبها.
ما هي العملية القانونية للإبلاغ عن حادث مرور؟,العملية القانونية للإبلاغ عن حادث مروري تتضمن تلقي البلاغ عن الحادث مروري ومباشرته فوراً. يجب أخذ المعلومات المطلوبة عن الحادث ومكانه ونوعه ونتائجه.
ما هي القوانين المتعلقة بمقاعد سلامة الأطفال؟,القوانين المتعلقة بمقاعد الأمان للأطفال تختلف من دولة لأخرى، ولكن الغالبية العظمى من الدول تقتضي القاعدة العامة التي تشير إلى أن الأطفال الذين تقل أعمارهم عن معينة (عادة 12 سنة أو يقل وزنهم عن 40 كيلوغرام) يجب أن يجلسوا في مقعد السيارة المخصص للأطفال. هذا يتضمن الكراسي الخلفية الخاصة بالأطفال، مقاعد الرفع، وأحزمة الأمان المعدلة. يجب أن يكون هذا المقعد مثبت بشكل صحيح وفقا لتعليمات الصانع.
ما هي الإجراءات الخاصة بالإبلاغ عن سيارة مسروقة؟,أعتذر، لا يوجد معلومات متوفرة عن الإجراءات الخاصة بالإبلاغ عن سيارة مسروقة في النص المقدم.
كيف يمكن للسائق تقليل العقوبات بعد تلقيه مخالفة مرورية؟,السائق يمكن أن يقلل من العقوبات بعد تلقيه مخالفة مرورية عن طريق الالتزام بالقواعد والإجراءات المحددة من قبل القضاء والشرطة. يمكن ذلك عن طريق تقديم كفالة غرمية أو حضورية أو وثيقة التأمين المطلوبة للإفراج عنه. ومع ذلك، يعتمد الأمر بشكل كبير على طبيعة المخالفة والقواعد المحلية المعمول بها.
ما هي القواعد المرورية المتعلقة بعبور خطوط السكة الحديدية؟,عذرًا، لا يوجد أي معلومات متوفرة حول قواعد مرور المركبات على السكك الحديدية في النص المقدم.
ما هي الإرشادات الخاصة بالقيادة في الظروف الجوية الضبابية؟,"عند القيادة في الظروف الجوية الضبابية، يجب اتباع الإرشادات التالية:

1. استخدم الأضواء الأمامية على وضع الضباب.
2. قم بتقليل السرعة ودائماً كن مستعدًا للتوقف.
3. احفظ مسافة آمنة بينك وبين السيارة التي أمامك.
4. لا تستخدم الأضواء العالية لأن الضباب يمكن أن يعكس الضوء ويجعل الرؤية أصعب.
5. استخدم خطوط الطريق كدليل إذا كنت تستطيع رؤيتها.
6. إذا كان الضباب كثيفًا للغاية، يجب التوقف في مكان آمن حتى تتحسن الرؤية."
ما هو دور الكاميرات المرورية في فرض القوانين؟,الكاميرات المرورية تلعب دورًا هامًا في فرض قوانين المرور. هي تراقب الطرق وتسجل المخالفات التي يرتكبها السائقون، مثل تجاوز السرعة المحددة أو عدم الالتزام بإشارات المرور. يمكن استخدام هذه الصور أو الفيديوهات كدليل في حالة حدوث حوادث مرورية أو لفرض غرامات على المخالفين. بالإضافة إلى ذلك، تعمل الكاميرات المرورية كرادع فعال للسائقين للالتزام بقوانين المرور، حيث يعرفون أن أي مخالفة قد تكون مسجلة.
ما هي الدفاعات القانونية ضد تهمة القيادة المتهورة؟,"الدفاعات القانونية ضد تهمة القيادة المتهورة قد تشمل:

1. الإثبات بأن السائق لم يكن يقود السيارة أو كان في مركبة متحركة.
2. تقديم الأدلة التي تثبت بأن السلوك الذي وصفته الشرطة كمتهور لم يكن كذلك بالفعل.
3. الإثبات بأن الظروف الطارئة أو القوة القاهرة أجبرت السائق على التصرف بطريقة كانت قد تؤدي إلى تصنيفها كمتهورة.

تذكر أن هذه الدفاعات قد تتغير بناءً على القوانين المحلية والظروف المحيطة بالحادث. من الأفضل دائمًا الرجوع إلى محامي متخصص في قوانين المرور للحصول على المشورة."
هل يمكن للسائق الطعن في مخالفة السرعة إذا كانت علامات الطريق غير واضحة؟,نعم، يمكن للسائق الطعن في مخالفة السرعة إذا كانت علامات الطريق غير واضحة. من المهم أن يتمكن السائق من رؤية وفهم علامات الطريق بشكل واضح وصريح. إذا كانت العلامات غير واضحة أو مضللة، قد يكون من الصعب على السائق اتباع قوانين السرعة. ولكن في النهاية، سيتم تقييم الطعن من قبل السلطات المختصة.
في أي ظروف يمكن تحميل السائق المسؤولية عن الأضرار حتى لو لم يكن مخطئًا؟,في بعض الظروف، يمكن تحميل السائق المسؤولية عن الأضرار حتى لو لم يكن مخطئًا. مثل هذه الحالات قد تشمل تلك التي يتورط فيها السائق بحادث مع سيارة طوارئ أو موكب رسمي. وفقًا للقانون، السيارات الطارئة والمواكب الرسمية لها الأفضلية في المرور. ومع ذلك، يجب على سائقي هذه السيارات القيادة بطريقة تضمن سلامة الآخرين. إذا لم يكن هذا الأمر ملموسًا، قد يكون السائق مسؤولًا عن الأضرار التي يمكن أن تحدث، حتى لو لم يكن مخطئًا.
ما هي اللوائح المتعلقة باستخدام الكاميرات داخل المركبات؟,عذراً، ليس لدي معلومات حول اللوائح المتعلقة باستخدام الكاميرات داخل المركبات.
كيف تنظم قوانين المرور المركبات الذاتية القيادة؟,عذرًا، ليس لدي معلومات حول كيفية تنظيم قوانين المرور للمركبات الذاتية القيادة.
ما هي التبعات التأمينية للحوادث التي يتم فيها تقاسم الخطأ بين الأطراف؟,في حالة الحوادث التي يتم فيها تقاسم الخطأ بين الأطراف، يتم تقسيم التكاليف التأمينية بين الأطراف المعنية بناءً على نسبة الخطأ التي تم تحديدها. على سبيل المثال، إذا تم تحديد الخطأ بنسبة 50/50، فسيتم تقسيم أي مطالبات تأمينية بين الأطراف بنفس النسبة.
ما هي العقوبات لاستخدام لوحات تسجيل مزيفة؟,العقوبات لاستخدام لوحات تسجيل مزيفة تتفاوت حسب البلد والقوانين المحلية. في العديد من البلدان، يعتبر استخدام لوحات تسجيل مزيفة جريمة خطيرة يمكن أن تؤدي إلى عقوبات تتراوح بين الغرامات الكبيرة والسجن. قد يتم أيضًا حجز السيارة أو إلغاء تسجيل السيارة. في بعض الحالات، قد يتم تطبيق عقوبات إضافية إذا تم استخدام اللوحات المزيفة في ارتكاب جرائم أخرى مثل السرقة أو الهروب من موقع حادث.
ما هي القوانين المتعلقة بسيارات الطوارئ التي تتجاوز الإشارات الحمراء؟,القانون ينص على أن سيارات الطوارئ لها الأفضلية في المرور أثناء مباشرتها لمهماتها، ولكن هذا لا يعفى سائقيها من القيادة بطريقة تضمن سلامة الغير. بمعنى آخر، يجب عليهم التأكد من أن الطريق آمن قبل تجاوز الإشارات الحمراء، حتى لو كانت السيارة في مهمة طارئة.
ما هو دور شهادات الشهود في تحديد الخطأ في الحوادث المرورية؟,شهادات الشهود تلعب دورًا مهمًا في تحديد الخطأ في حوادث المرور. هم يمكن أن يوفروا نظرة ثالثة على الحادث ويمكن أن يشرحوا تفاصيل قد لا تكون متوفرة في تقارير الشرطة أو الأدلة الأخرى. قد يكون لديهم معلومات حول الظروف المحيطة بالحادث، مثل الأحوال الجوية، الرؤية، والقيادة العدوانية أو الإهمال من جانب أي من السائقين. الشهود أيضًا يمكن أن يكونوا مفيدين في تأكيد أو نفي الروايات المختلفة للحادث التي يقدمها السائقون المعنيون. يجب على السائقين دائمًا طلب تفاصيل الاتصال من أي شخص يمكن أن يكون شاهدًا على حادث.
كيف تتعامل قوانين المرور مع الحوادث التي تشمل السائقين الأجانب؟,آسف، لكن النص المقدم لا يتضمن معلومات حول كيفية تعامل قوانين المرور مع الحوادث التي تشمل السائقين الأجانب.
